{
  "resources": [
    "/builds/studio/farm-merge/build/audio/sfx.ogg",
    "/builds/studio/farm-merge/build/audio/sfx.mp3"
  ],
  "spritemap": {
    "building_repaired": {
      "start": 0,
      "end": 1.960952380952381,
      "loop": false
    },
    "button_tap": { "start": 3, "end": 3.269954648526077, "loop": false },
    "chop_rock": { "start": 5, "end": 7.856167800453514, "loop": false },
    "chop_wood": { "start": 9, "end": 11.544761904761906, "loop": false },
    "claim_reward_stinger": {
      "start": 13,
      "end": 14.21310657596372,
      "loop": false
    },
    "coins_tapped": { "start": 16, "end": 17.82387755102041, "loop": false },
    "collect_ingredient": {
      "start": 19,
      "end": 21.14342403628118,
      "loop": false
    },
    "crate_reveal_chicken": {
      "start": 23,
      "end": 23.342086167800453,
      "loop": false
    },
    "crate_reveal_cow": { "start": 25, "end": 25.92, "loop": false },
    "crate_reveal_goat": {
      "start": 27,
      "end": 27.427732426303855,
      "loop": false
    },
    "crate_reveal_grops": {
      "start": 29,
      "end": 29.769002267573697,
      "loop": false
    },
    "crate_reveal_pig": {
      "start": 31,
      "end": 31.395102040816326,
      "loop": false
    },
    "crate_reveal_sheep": {
      "start": 33,
      "end": 33.57321995464853,
      "loop": false
    },
    "crate_spawn": { "start": 35, "end": 37.921179138321996, "loop": false },
    "crate_tap": { "start": 39, "end": 39.45383219954648, "loop": false },
    "currency_added": { "start": 41, "end": 41.556507936507934, "loop": false },
    "expansion_succesful": {
      "start": 43,
      "end": 45.995283446712016,
      "loop": false
    },
    "fog_dissapear": { "start": 47, "end": 48.031292517006804, "loop": false },
    "friend_visit_activty": {
      "start": 50,
      "end": 51.194263038548755,
      "loop": false
    },
    "level_up_card": { "start": 53, "end": 53.73142857142857, "loop": false },
    "level_up": { "start": 55, "end": 58.31770975056689, "loop": false },
    "merge_tier1_01": { "start": 60, "end": 61.53278911564626, "loop": false },
    "merge_tier1_02": { "start": 63, "end": 64.53278911564625, "loop": false },
    "merge_tier1_03": { "start": 66, "end": 67.53278911564625, "loop": false },
    "merge_tier1_04": { "start": 69, "end": 70.6532879818594, "loop": false },
    "merge_tier1_05": { "start": 72, "end": 73.6051700680272, "loop": false },
    "merge_tier1_06": { "start": 75, "end": 76.78510204081633, "loop": false },
    "merge_tier2_01": { "start": 78, "end": 80.88006802721088, "loop": false },
    "merge_tier2_02": { "start": 82, "end": 84.88006802721088, "loop": false },
    "merge_tier2_03": { "start": 86, "end": 88.88006802721088, "loop": false },
    "merge_tier2_04": { "start": 90, "end": 92.88006802721088, "loop": false },
    "merge_tier2_05": { "start": 94, "end": 96.88006802721088, "loop": false },
    "merge_tier2_06": { "start": 98, "end": 100.88006802721088, "loop": false },
    "object_drop": { "start": 102, "end": 102.52249433106576, "loop": false },
    "object_pickup": { "start": 104, "end": 104.37553287981859, "loop": false },
    "popout_appears": {
      "start": 106,
      "end": 106.90097505668935,
      "loop": false
    },
    "popout_close": { "start": 108, "end": 108.29684807256236, "loop": false },
    "popout_open": { "start": 110, "end": 110.41428571428571, "loop": false },
    "popup_in": { "start": 112, "end": 112.38199546485261, "loop": false },
    "popup_out": { "start": 114, "end": 114.70854875283447, "loop": false },
    "purchase_complete": {
      "start": 116,
      "end": 117.01124716553288,
      "loop": false
    },
    "select_tree": { "start": 119, "end": 120.04238095238095, "loop": false },
    "shovel_use": { "start": 122, "end": 122.79979591836735, "loop": false },
    "spawn_chicken_2": {
      "start": 124,
      "end": 124.99013605442177,
      "loop": false
    },
    "spawn_chicken_3": {
      "start": 126,
      "end": 126.99292517006803,
      "loop": false
    },
    "spawn_chicken_4": {
      "start": 128,
      "end": 129.02467120181407,
      "loop": false
    },
    "spawn_cow_2": { "start": 131, "end": 132.23408163265307, "loop": false },
    "spawn_cow_3": { "start": 134, "end": 135.29526077097506, "loop": false },
    "spawn_cow_4": { "start": 137, "end": 138.57911564625851, "loop": false },
    "spawn_crop_2": { "start": 140, "end": 141.37727891156462, "loop": false },
    "spawn_crop_3": { "start": 143, "end": 144.65056689342404, "loop": false },
    "spawn_crop_4": { "start": 146, "end": 147.5169387755102, "loop": false },
    "spawn_deer_1": { "start": 149, "end": 149.88539682539684, "loop": false },
    "spawn_deer_2": { "start": 151, "end": 152.2580498866213, "loop": false },
    "spawn_deer_3": { "start": 154, "end": 155.7792970521542, "loop": false },
    "spawn_deer_4": { "start": 157, "end": 160.4385260770975, "loop": false },
    "spawn_goat_2": { "start": 162, "end": 162.64444444444445, "loop": false },
    "spawn_goat_3": { "start": 164, "end": 164.98537414965986, "loop": false },
    "spawn_goat_4": { "start": 166, "end": 166.84539682539682, "loop": false },
    "spawn_object": { "start": 168, "end": 168.72965986394559, "loop": false },
    "spawn_pig_2": { "start": 170, "end": 170.9700453514739, "loop": false },
    "spawn_pig_3": { "start": 172, "end": 172.4, "loop": false },
    "spawn_pig_4": { "start": 174, "end": 174.3912925170068, "loop": false },
    "spawn_sheep_2": { "start": 176, "end": 177.22149659863945, "loop": false },
    "spawn_sheep_3": { "start": 179, "end": 180.14537414965986, "loop": false },
    "spawn_sheep_4": { "start": 182, "end": 182.91718820861678, "loop": false },
    "train_moving_loop": {
      "start": 184,
      "end": 189.43437641723355,
      "loop": false
    },
    "train_travel_complete": {
      "start": 191,
      "end": 195.2702267573696,
      "loop": false
    },
    "trainstation_interaction": {
      "start": 197,
      "end": 201.00596371882085,
      "loop": false
    }
  }
}
